RENDA,IDADE,EMPRESTIMO,RESULTADO
0,66155.92,59.0,8106.53,0
1,34415.15,48.0,6564.74,0
2,57317.17,63.0,8020.95,0
3,42709.53,45.0,6103.64,0
4,66952.68,18.0,8770.09,1
5,24904.06,57.0,15.49,0
6,48430.35,26.0,5722.58,0
7,24500.14,32.0,2971.0,1
8,40654.89,55.0,4755.82,0
9,25075.87,39.0,1409.23,0
10,64131.41,25.0,4351.02,0
11,59436.84,60.0,9254.24,0
12,61050.34,26.0,5893.26,0
13,27267.99,61.0,4759.78,0
14,63061.96,39.0,1850.36,0
15,50501.72,-2.0,3977.28,0
16,43548.65,39.0,3935.54,0
17,43378.17,60.0,3277.73,0
18,20542.36,61.0,3157.44,0
19,58887.35,26.0,4965.51,0
20,23000.78,31.0,1148.11,0
21,32197.62,-5.0,4244.05,0
22,23329.31,48.0,222.62,0
23,27845.8,51.0,4959.92,0
24,65301.98,48.0,5465.26,0
25,47451.63,27.0,5361.28,0
26,63287.03,-3.0,9595.28,0
27,45727.45,55.0,6376.82,0
28,59417.8,,2082.62,0
29,58842.89,54.0,10871.18,0
30,48528.85,,6155.78,0
31,23526.3,,2862.01,0
32,67252.9,38.0,4221.3,0
33,58886.85,38.0,7271.55,0
34,57584.97,36.0,1728.42,0
35,26289.97,20.0,341.14,0
36,25952.38,58.0,2109.2,0
37,32464.09,50.0,4326.7,0
38,60921.06,18.0,968.83,0
39,26578.53,32.0,3489.84,1
40,66260.12,32.0,7035.58,0
41,58787.45,62.0,4167.78,0
42,62545.7,49.0,4362.9,0
43,24381.95,25.0,4227.01,1
44,67852.1,47.0,5730.58,0
45,41725.61,18.0,1185.21,0
46,41896.97,47.0,4892.2,0
47,44379.72,50.0,1814.33,0
48,28416.89,57.0,1788.97,0
49,68427.16,46.0,1658.07,0
50,35975.79,35.0,6610.36,0
51,57596.35,29.0,3344.38,0
52,29681.88,54.0,1745.87,0
53,51656.93,47.0,7158.13,0
54,24912.84,49.0,267.69,0
55,47761.82,50.0,5549.79,0
56,22248.17,23.0,4364.97,1
57,29724.47,31.0,3075.34,0
58,52143.82,20.0,2393.09,0
59,56577.72,36.0,5947.42,0
60,37660.77,53.0,2129.59,0
61,37403.79,47.0,2044.04,0
62,31652.69,62.0,5151.07,0
63,32727.7,34.0,1087.91,0
64,69078.6,25.0,4076.58,0
65,40622.19,41.0,4949.9,0
66,37521.01,60.0,8.01,0
67,30735.8,22.0,5946.82,1
68,24857.69,21.0,2692.16,0
69,33180.2,49.0,4621.99,0
70,66628.26,52.0,5992.88,0
71,38564.93,21.0,5604.16,1
72,33704.5,33.0,5898.0,1
73,57018.48,44.0,3507.25,0
74,40526.9,28.0,2119.98,0
75,50827.98,51.0,1765.98,0
76,40775.81,60.0,1922.61,0
77,55467.15,56.0,9226.9,0
78,38789.02,61.0,7650.65,0
79,58074.84,50.0,7388.02,0
80,57814.1,43.0,7252.12,0
81,45190.72,53.0,7893.55,0
82,36801.9,43.0,5406.34,0
83,68811.77,24.0,4211.3,0
84,30483.29,33.0,4514.0,1
85,44930.39,19.0,7708.31,1
86,43671.45,25.0,8066.69,1
87,27612.91,19.0,1513.62,0
88,53607.32,27.0,2378.76,0
89,33036.68,25.0,958.97,0
90,64275.83,61.0,7520.03,0
91,30673.83,59.0,383.1,0
92,58793.61,56.0,4391.98,0
93,21053.49,63.0,754.6,0
94,42095.42,55.0,1183.7,0
95,50360.67,28.0,4217.16,0
96,41970.72,63.0,1622.31,0
97,51663.41,63.0,4147.88,0
98,53601.81,20.0,9601.37,1
99,43439.98,24.0,6879.3,1
100,51461.05,36.0,7292.26,0
101,41285.17,47.0,2313.82,0
102,62895.74,49.0,2001.28,0
103,57296.16,25.0,10601.08,1
104,60844.09,45.0,12072.25,0
105,47634.54,44.0,141.7,0
106,23998.32,29.0,3928.3,1
107,63391.61,34.0,190.88,0
108,21534.55,44.0,228.33,0
109,28255.65,35.0,2109.24,0
110,36496.13,19.0,165.5,0
111,41631.66,53.0,106.09,0
112,68762.41,20.0,2796.75,0
113,30075.26,29.0,2628.57,0
114,41302.67,38.0,1379.91,0
115,39703.75,47.0,2403.47,0
116,63161.09,59.0,804.09,0
117,63062.14,26.0,56.16,0
118,34507.52,38.0,1793.75,0
119,27954.7,29.0,1627.04,0
120,37369.38,35.0,3783.6,0
121,43912.06,23.0,7757.13,1
122,22766.77,29.0,1429.4,0
123,21603.3,21.0,178.33,0
124,61952.9,18.0,3635.6,0
125,36116.36,22.0,1494.98,0
126,26157.77,22.0,2295.81,0
127,26458.38,59.0,552.39,0
128,69156.3,53.0,7364.73,0
129,39441.44,46.0,1034.75,0
130,60119.06,45.0,1810.96,0
131,55613.48,24.0,4255.25,0
132,37049.38,29.0,6056.81,1
133,23122.06,53.0,4263.49,0
134,48790.13,32.0,5519.09,0
135,59132.68,48.0,4575.52,0
136,55305.57,53.0,8176.7,0
137,26037.46,24.0,3293.25,1
138,64899.8,38.0,4654.24,0
139,27089.12,21.0,5029.48,1
140,45341.47,22.0,6525.21,1
141,24865.79,37.0,4439.11,0
142,28239.54,26.0,4189.83,1
143,52730.08,50.0,5706.32,0
144,28982.05,39.0,2898.76,0
145,36221.26,26.0,5094.67,1
146,33551.12,58.0,4333.36,0
147,43891.35,49.0,5792.9,0
148,45148.88,60.0,6455.39,0
149,58481.01,40.0,5380.56,0
150,69579.92,57.0,10868.24,0
151,52743.3,44.0,2684.7,0
152,65635.66,51.0,12701.6,0
153,34559.9,29.0,3317.52,0
154,60218.53,32.0,3157.96,0
155,51689.54,46.0,9881.97,0
156,47541.61,55.0,1611.21,0
157,62905.79,27.0,11423.93,1
158,65632.6,47.0,12498.04,0
159,31847.85,41.0,2913.76,0
160,27947.44,58.0,5514.11,0
161,62246.72,31.0,406.72,0
162,40154.68,60.0,6013.15,0
163,58627.55,33.0,1215.65,0
164,33441.05,27.0,5282.72,1
165,55603.78,43.0,1411.13,0
166,31046.37,29.0,4907.67,1
167,44708.09,21.0,2390.85,0
168,23340.27,42.0,2707.76,0
169,24830.18,28.0,2046.68,0
170,31422.74,53.0,1686.83,0
171,60477.23,60.0,10711.7,0
172,26039.02,49.0,2056.75,0
173,36186.84,50.0,1130.73,0
174,39772.11,43.0,5492.89,0
175,34730.16,63.0,818.5,0
176,23118.48,57.0,1746.93,0
177,50072.84,33.0,8088.56,1
178,67465.06,23.0,1802.61,0
179,38625.63,19.0,5836.56,1
180,45227.48,26.0,5521.5,1
181,64901.89,44.0,9589.83,0
182,40543.91,51.0,6507.85,0
183,27793.26,60.0,382.24,0
184,61167.77,20.0,10396.61,1
185,64619.66,26.0,9704.78,1
186,37593.75,54.0,7274.32,0
187,35032.64,56.0,135.93,0
188,58364.46,55.0,5809.89,0
189,56945.81,45.0,6388.36,0
190,27204.84,29.0,3827.89,1
191,21648.26,52.0,3558.52,0
192,31077.85,44.0,4452.33,0
193,42522.92,53.0,6790.85,0
194,31769.24,44.0,1148.22,0
195,35556.77,23.0,6361.97,1
196,52908.82,53.0,9841.08,0
197,35045.13,28.0,2382.46,0
198,44488.16,33.0,2751.08,0
199,41679.93,53.0,395.0,0
200,54619.94,52.0,10780.27,0
201,38053.62,26.0,6110.57,1
202,64718.66,37.0,1485.07,0
203,43159.08,62.0,4350.01,0
204,29445.51,28.0,1758.88,0
205,25817.38,37.0,4115.48,0
206,66356.85,61.0,10725.48,0
207,56676.15,46.0,2278.55,0
208,61000.04,48.0,2160.78,0
209,58906.25,42.0,9290.57,0
210,49589.15,42.0,2627.4,0
211,40141.6,56.0,845.36,0
212,31659.72,31.0,858.51,0
213,62658.22,25.0,3343.36,0
214,39264.48,37.0,5255.78,0
215,46643.12,53.0,6440.86,0
216,30515.37,20.0,415.24,0
217,65077.32,50.0,11061.81,0
218,60871.86,61.0,4844.17,0
219,25011.1,36.0,3834.04,0
220,68407.18,60.0,597.94,0
221,43727.43,55.0,1170.55,0
222,45788.74,41.0,5894.04,0
223,65705.01,50.0,1969.79,0
224,32434.7,41.0,2738.44,0
225,58121.66,27.0,7531.1,1
226,62498.5,31.0,3312.87,0
227,26090.72,48.0,4255.62,0
228,64780.93,20.0,8402.41,1
229,65588.4,22.0,7879.73,1
230,65743.7,52.0,7724.57,0
231,37164.52,47.0,1445.8,0
232,65176.52,48.0,2365.28,0
233,34615.54,25.0,6476.76,1
234,59079.46,58.0,10326.08,0
235,56267.17,22.0,7329.24,1
236,34862.82,54.0,6040.77,0
237,60521.36,45.0,8035.88,0
238,42276.78,57.0,8055.3,0
239,38451.17,63.0,3441.26,0
240,45985.1,53.0,7382.05,0
241,51000.42,27.0,778.73,0
242,31523.1,40.0,5174.57,0
243,28648.67,18.0,1870.92,0
244,27514.42,21.0,3400.91,1
245,27441.0,37.0,1455.04,0
246,67709.24,50.0,5136.81,0
247,38600.7,44.0,2749.08,0
248,30950.29,26.0,5043.14,1
249,27083.82,60.0,3286.21,0
250,21512.74,24.0,2453.37,0
251,34796.0,58.0,443.66,0
252,27089.39,51.0,1851.31,0
253,25259.4,39.0,4341.0,0
254,47007.31,45.0,4069.4,0
255,20358.66,53.0,1064.68,0
256,67900.22,43.0,7902.74,0
257,54418.47,55.0,5630.74,0
258,51288.55,29.0,6536.96,1
259,28199.6,36.0,3871.68,0
260,22199.61,60.0,1498.39,0
261,50514.46,57.0,2003.65,0
262,34414.24,54.0,617.53,0
263,37633.08,29.0,868.16,0
264,55235.5,47.0,4910.54,0
265,45587.55,62.0,8366.61,0
266,52757.79,53.0,2321.2,0
267,41174.8,52.0,2888.44,0
268,25685.53,39.0,490.74,0
269,28145.3,55.0,4805.97,0
270,52094.21,40.0,495.02,0
271,33552.38,25.0,6054.24,1
272,37400.93,50.0,1693.13,0
273,21605.72,23.0,2828.3,1
274,57562.89,56.0,8508.83,0
275,62288.53,25.0,10657.1,1
276,22767.26,45.0,1205.78,0
277,20943.04,19.0,4098.11,1
278,20622.86,30.0,3518.45,1
279,48436.66,49.0,5851.4,0
280,27574.63,57.0,1017.39,0
281,62889.36,33.0,6525.15,0
282,37683.2,55.0,7414.55,0
283,54974.45,61.0,8922.19,0
284,56326.08,40.0,4816.77,0
285,65670.88,50.0,3950.87,0
286,50730.73,41.0,1879.05,0
287,64184.91,46.0,1854.23,0
288,66179.32,48.0,3646.93,0
289,24969.52,45.0,3595.5,0
290,54925.51,40.0,554.48,0
291,67879.24,43.0,10433.47,0
292,67787.52,53.0,9607.49,0
293,31657.61,37.0,1448.07,0
294,36559.13,19.0,3030.26,0
295,57787.56,22.0,6339.85,0
296,42521.72,47.0,2661.61,0
297,51935.18,21.0,5649.45,0
298,45677.87,51.0,2966.24,0
299,51363.59,21.0,761.42,0
300,27218.56,55.0,4145.0,0
301,43677.62,32.0,6739.85,1
302,21533.59,57.0,1971.55,0
303,28010.19,55.0,3971.15,0
304,51589.28,50.0,56.99,0
305,50480.95,27.0,8831.18,1
306,43957.35,21.0,5416.35,1
307,61878.34,33.0,567.66,0
308,60153.33,20.0,6472.34,0
309,33388.58,62.0,4551.87,0
310,41310.4,53.0,4481.16,0
311,25576.95,51.0,1922.65,0
312,51455.09,37.0,9447.11,0
313,48134.15,47.0,2075.59,0
314,51348.52,52.0,1507.89,0
315,20532.82,54.0,1897.78,0
316,33297.21,46.0,3674.74,0
317,55858.54,25.0,5630.44,0
318,43777.51,20.0,3601.29,0
319,27789.51,58.0,186.82,0
320,36132.42,34.0,99.44,0
321,20145.98,21.0,839.83,0
322,63108.7,43.0,5757.84,0
323,26581.61,61.0,5090.39,0
324,62040.88,62.0,7643.63,0
325,69958.7,30.0,8755.69,1
326,38082.51,45.0,4213.46,0
327,45183.05,33.0,5953.45,1
328,36242.44,39.0,5688.99,0
329,44527.25,42.0,4588.47,0
330,40496.25,20.0,4834.6,0
331,24698.66,48.0,2427.65,0
332,60560.3,49.0,1994.62,0
333,48018.21,50.0,6120.09,0
334,30216.25,26.0,2116.53,0
335,61742.23,44.0,8068.31,0
336,47288.42,62.0,4004.98,0
337,24658.89,59.0,590.59,0
338,64644.34,58.0,9848.17,0
339,57517.72,52.0,4536.85,0
340,52945.54,54.0,6262.0,0
341,36366.99,47.0,371.04,0
342,62113.72,27.0,11928.5,1
343,62279.51,26.0,6801.4,0
344,61799.08,56.0,5619.21,0
345,50139.74,30.0,7758.79,1
346,69566.68,52.0,9875.03,0
347,44897.48,51.0,5732.39,0
348,22572.3,51.0,724.19,0
349,37123.07,19.0,5659.5,1
350,68744.78,60.0,5207.88,0
351,21081.19,52.0,2395.16,0
352,58828.29,32.0,5947.64,0
353,46706.45,18.0,7084.26,1
354,32312.85,28.0,228.33,0
355,60778.76,43.0,10021.04,0
356,30948.04,42.0,3995.8,0
357,60122.01,62.0,7189.35,0
358,43321.68,32.0,743.86,0
359,47904.34,40.0,6183.51,0
360,58597.38,53.0,2588.49,0
361,66091.9,24.0,8743.5,1
362,47316.7,27.0,1940.67,0
363,40872.63,54.0,5312.49,0
364,35154.49,52.0,4037.71,0
365,32222.81,61.0,934.47,0
366,40447.67,22.0,1072.19,0
367,48463.2,50.0,8120.25,0
368,42843.09,28.0,839.86,0
369,50310.42,53.0,8361.71,0
370,57565.19,37.0,5353.56,0
371,55066.18,55.0,9332.7,0
372,46065.94,52.0,4947.3,0
373,38309.58,55.0,3545.72,0
374,54472.14,59.0,10836.38,0
375,58695.09,29.0,1826.51,0
376,54748.91,31.0,5438.09,0
377,46328.17,56.0,7879.67,0
378,49633.32,38.0,7915.31,0
379,66339.78,35.0,2350.89,0
380,62650.71,33.0,6425.36,0
381,27646.78,56.0,3132.14,0
382,21437.61,45.0,2563.96,0
383,50648.19,56.0,7110.75,0
384,29670.67,53.0,2928.98,0
385,20258.53,29.0,2767.83,1
386,34475.21,42.0,3162.13,0
387,28926.43,62.0,750.06,0
388,20660.66,49.0,1756.03,0
389,24987.93,49.0,3946.89,0
390,29672.56,51.0,607.9,0
391,23241.59,40.0,457.19,0
392,24217.22,23.0,2104.38,0
393,65574.09,23.0,3031.24,0
394,55994.45,31.0,680.61,0
395,67369.33,57.0,2299.41,0
396,23305.77,28.0,4521.0,1
397,35195.46,49.0,2836.98,0
398,27135.07,54.0,1387.24,0
399,24037.16,23.0,2469.36,0
400,51625.31,44.0,4592.24,0
401,50705.76,53.0,1096.96,0
402,58079.15,18.0,11540.04,1
403,62192.46,46.0,1863.89,0
404,62553.66,63.0,4641.7,0
405,68147.95,22.0,12307.56,1
406,27619.66,47.0,2774.83,0
407,65330.19,28.0,4030.8,0
408,26680.14,47.0,1671.18,0
409,46104.59,51.0,2342.47,0
410,44904.59,44.0,4953.77,0
411,52934.59,50.0,3248.62,0
412,43509.75,18.0,7363.03,1
413,22118.35,63.0,3928.12,0
414,56275.41,30.0,2224.88,0
415,48630.97,27.0,5862.83,1
416,64272.69,37.0,4929.87,0
417,24349.0,53.0,3890.47,0
418,34332.31,36.0,1225.72,0
419,64940.24,43.0,8196.93,0
420,30595.74,40.0,3495.06,0
421,53422.21,28.0,7441.75,1
422,69995.68,52.0,2084.37,0
423,48270.79,45.0,6232.28,0
424,27028.15,48.0,331.36,0
425,23519.86,34.0,2368.38,0
426,37302.08,35.0,2366.17,0
427,55601.27,18.0,10533.45,1
428,62678.64,25.0,333.44,0
429,41602.43,25.0,7005.07,1
430,27533.0,46.0,1551.42,0
431,30594.17,50.0,118.34,0
432,47846.94,24.0,3713.26,0
433,55273.27,25.0,10282.99,1
434,23086.25,24.0,1256.4,0
435,29621.27,32.0,5575.25,1
436,47533.92,39.0,6637.77,0
437,62519.18,44.0,2324.54,0
438,50878.95,44.0,3257.01,0
439,58580.95,56.0,4317.71,0
440,69445.64,28.0,10643.4,1
441,60929.17,60.0,11146.07,0
442,35496.66,47.0,168.05,0
443,33572.42,57.0,3369.37,0
444,55306.91,20.0,5272.53,0
445,34141.92,47.0,3371.66,0
446,40453.89,20.0,890.93,0
447,69088.77,53.0,11246.48,0
448,30885.69,55.0,5216.35,0
449,58683.22,24.0,271.73,0
450,60675.81,39.0,11617.74,0
451,68460.68,35.0,949.95,0
452,63653.83,27.0,8866.52,1
453,42522.57,18.0,5036.25,0
454,54140.42,30.0,7896.22,1
455,47548.36,47.0,6153.93,0
456,24114.01,52.0,3900.82,0
457,20686.23,33.0,3052.57,1
458,21412.3,26.0,2639.71,1
459,69391.14,63.0,2550.26,0
460,32319.26,42.0,2733.42,0
461,52862.94,47.0,9754.15,0
462,48383.27,39.0,2763.26,0
463,36430.53,38.0,5855.18,0
464,44268.89,27.0,6043.14,1
465,63806.32,56.0,114.49,0
466,46195.77,32.0,927.06,0
467,23743.16,42.0,3254.74,0
468,22089.83,21.0,2584.02,0
469,54707.28,44.0,10255.19,0
470,23203.64,58.0,749.14,0
471,25342.25,40.0,871.53,0
472,31645.63,32.0,5193.83,1
473,32306.8,21.0,3603.36,0
474,61262.81,49.0,5564.16,0
475,26388.72,19.0,1191.33,0
476,53009.42,36.0,3589.25,0
477,58163.54,58.0,2237.92,0
478,38665.03,55.0,6152.0,0
479,25289.04,53.0,3701.53,0
480,66049.93,29.0,13172.68,1
481,56282.98,62.0,8215.55,0
482,35778.61,30.0,5544.65,1
483,29174.24,18.0,665.57,0
484,55934.43,60.0,5643.17,0
485,32256.86,20.0,2809.32,0
486,68052.8,28.0,1415.71,0
487,26957.05,55.0,4172.98,0
488,48685.04,32.0,9698.58,1
489,38288.07,28.0,1723.39,0
490,42468.02,28.0,1902.26,0
491,55377.77,46.0,6882.87,0
492,54231.7,21.0,10156.14,1
493,53283.25,49.0,4065.21,0
494,52534.78,47.0,3810.13,0
495,47847.51,26.0,8494.01,1
496,59998.25,54.0,4659.53,0
497,58684.51,31.0,5415.81,0
498,49114.78,61.0,6388.85,0
499,57179.4,21.0,2991.96,0
500,69395.11,23.0,11047.68,1
501,43963.73,41.0,4481.43,0
502,66326.47,40.0,5602.16,0
503,35886.72,34.0,843.74,0
504,35578.23,42.0,3640.84,0
505,48689.0,36.0,3859.47,0
506,56510.83,47.0,9255.43,0
507,50275.89,41.0,5541.82,0
508,56665.49,61.0,11159.79,0
509,42912.09,60.0,4550.12,0
510,22169.72,36.0,947.19,0
511,35919.8,27.0,1227.1,0
512,61987.68,27.0,2618.24,0
513,30044.68,49.0,1428.43,0
514,61528.27,55.0,10897.9,0
515,31196.49,47.0,987.26,0
516,66003.95,33.0,11207.49,1
517,56960.67,25.0,4856.48,0
518,41315.1,57.0,1378.9,0
519,64913.34,26.0,9781.32,1
520,32804.9,62.0,4961.25,0
521,25789.2,26.0,2410.27,0
522,31908.35,38.0,1857.46,0
523,56050.3,23.0,6870.83,1
524,66505.77,25.0,6571.19,0
525,57504.07,55.0,8107.26,0
526,44619.11,59.0,2474.97,0
527,21158.93,54.0,3562.3,0
528,22765.19,20.0,540.61,0
529,25052.82,45.0,3367.7,0
530,61006.1,54.0,5850.77,0
531,62321.24,45.0,10649.07,0
532,49604.54,51.0,7045.91,0
533,48433.37,28.0,789.63,0
534,57590.28,19.0,7676.31,1
535,62691.7,25.0,8244.74,1
536,51121.65,58.0,6471.62,0
537,22516.54,55.0,4267.45,0
538,60857.23,37.0,10486.74,0
539,62908.35,51.0,3213.89,0
540,49665.63,50.0,2713.88,0
541,65322.8,41.0,2739.71,0
542,20598.92,35.0,3872.4,0
543,55476.65,52.0,4733.5,0
544,26218.49,18.0,3343.81,1
545,40794.87,38.0,6519.43,0
546,53719.65,42.0,1670.73,0
547,20715.53,27.0,369.52,0
548,57163.85,53.0,577.53,0
549,33751.2,25.0,6494.18,1
550,44832.56,32.0,1256.25,0
551,51035.63,58.0,2889.88,0
552,53493.48,21.0,5030.82,0
553,58205.67,56.0,10035.6,0
554,47439.94,22.0,7896.35,1
555,47586.22,42.0,3343.05,0
556,26100.85,62.0,960.13,0
557,45326.4,59.0,5142.11,0
558,24391.75,47.0,2198.14,0
559,53741.37,49.0,6513.15,0
560,40053.72,27.0,44.52,0
561,53033.86,38.0,10427.47,0
562,25176.5,53.0,3064.71,0
563,31210.84,54.0,3853.08,0
564,23532.27,59.0,1077.84,0
565,63776.77,43.0,6697.97,0
566,52278.76,45.0,4269.13,0
567,56015.81,32.0,2275.76,0
568,56110.93,62.0,9351.0,0
569,57856.8,33.0,8824.16,1
570,30187.09,28.0,4462.82,1
571,30786.87,47.0,3563.31,0
572,22279.29,58.0,3141.33,0
573,42476.26,46.0,8334.18,0
574,58147.79,34.0,3951.18,0
575,36266.21,55.0,3206.92,0
576,39045.49,27.0,1165.49,0
577,64467.8,63.0,521.57,0
578,36594.8,60.0,3492.33,0
579,58797.76,53.0,8892.96,0
580,66653.27,19.0,5180.71,0
581,48271.49,21.0,6077.68,1
582,30991.43,34.0,4589.26,1
583,45446.51,19.0,8474.98,1
584,37142.73,50.0,161.23,0
585,58320.8,20.0,10033.49,1
586,24825.54,54.0,3650.19,0
587,20511.42,27.0,931.79,0
588,48326.32,35.0,7168.7,0
589,55441.35,48.0,10768.74,0
590,60496.9,33.0,1115.15,0
591,25296.15,44.0,1320.46,0
592,50414.32,56.0,2468.17,0
593,67984.04,27.0,1642.96,0
594,50382.39,57.0,9183.84,0
595,49413.29,18.0,2554.04,0
596,61464.82,36.0,5099.08,0
597,53784.04,24.0,2761.85,0
598,35993.28,41.0,901.92,0
599,63402.0,47.0,7530.76,0
600,40484.97,39.0,1093.67,0
601,26168.01,41.0,3040.98,0
602,60044.28,61.0,6823.43,0
603,23984.55,51.0,4622.27,0
604,40359.7,32.0,1783.69,0
605,33583.89,62.0,1251.86,0
606,68038.79,62.0,10108.79,0
607,45652.05,53.0,5408.21,0
608,34399.2,31.0,6019.83,1
609,57628.43,23.0,5021.63,0
610,24294.67,22.0,4360.05,1
611,52218.88,37.0,9792.09,0
612,50061.76,55.0,6145.13,0
613,49352.27,57.0,3362.77,0
614,21087.35,49.0,3353.69,0
615,23812.25,42.0,2716.65,0
616,49395.16,41.0,5927.57,0
617,33338.94,46.0,2929.85,0
618,29668.32,38.0,2042.43,0
619,45936.59,41.0,8525.23,0
620,55948.06,40.0,8569.22,0
621,53239.5,63.0,4606.15,0
622,43694.03,49.0,5049.63,0
623,24078.07,38.0,3276.13,0
624,50258.55,22.0,1086.24,0
625,41816.65,48.0,4534.57,0
626,36892.71,54.0,6463.64,0
627,23886.56,34.0,4440.41,1
628,48757.76,23.0,1833.58,0
629,34601.68,33.0,2430.1,0
630,52986.0,50.0,4928.6,0
631,50740.95,21.0,784.57,0
632,53096.99,36.0,2663.05,0
633,38500.0,53.0,7571.68,0
634,41004.26,55.0,1016.14,0
635,63585.36,49.0,1594.97,0
636,31823.68,30.0,2290.43,0
637,26242.63,32.0,1801.22,0
638,63531.24,19.0,6917.5,0
639,64751.14,53.0,2289.85,0
640,31091.27,50.0,4071.08,0
641,66871.26,62.0,3614.26,0
642,25098.65,51.0,2611.84,0
643,33720.58,47.0,1365.95,0
644,28182.52,25.0,2285.95,0
645,27334.56,42.0,2963.79,0
646,68694.84,23.0,12731.89,1
647,46195.62,26.0,2888.63,0
648,34488.2,27.0,2156.31,0
649,57827.66,23.0,10816.75,1
650,20346.46,35.0,656.03,0
651,60480.97,53.0,3216.09,0
652,51915.67,44.0,2282.91,0
653,54625.5,31.0,8619.74,1
654,48305.42,55.0,4833.47,0
655,28577.96,21.0,1639.22,0
656,53400.82,58.0,10418.19,0
657,43414.48,44.0,7170.94,0
658,47526.23,57.0,8957.33,0
659,46082.07,55.0,2921.23,0
660,32195.59,62.0,4980.01,0
661,49067.09,60.0,7258.96,0
662,21293.47,42.0,1368.69,0
663,52100.91,23.0,4767.27,0
664,48334.38,53.0,2234.44,0
665,58507.62,48.0,694.13,0
666,27521.04,35.0,2699.85,0
667,63914.22,26.0,139.31,0
668,28598.83,52.0,524.2,0
669,23298.46,48.0,1741.18,0
670,35697.55,51.0,2907.95,0
671,40376.16,38.0,3901.93,0
672,56534.96,27.0,2161.08,0
673,36088.93,41.0,6222.41,0
674,34158.63,29.0,2911.4,0
675,29732.05,38.0,3485.01,0
676,41736.2,34.0,7602.61,1
677,42236.45,24.0,4749.06,0
678,28796.85,44.0,706.22,0
679,55097.38,33.0,9342.47,1
680,40916.56,48.0,5219.8,0
681,20908.33,28.0,3133.62,1
682,57999.77,62.0,859.58,0
683,57746.58,63.0,727.19,0
684,55116.23,41.0,10284.6,0
685,57765.52,43.0,5445.22,0
686,45200.99,43.0,7335.96,0
687,42435.18,51.0,2766.28,0
688,46365.57,41.0,5443.27,0
689,57187.7,59.0,9390.67,0
690,66539.92,57.0,12129.08,0
691,25244.72,53.0,1278.99,0
692,54780.34,61.0,8134.22,0
693,59253.12,36.0,7327.28,0
694,48540.34,21.0,1012.93,0
695,30415.1,22.0,4362.08,1
696,48768.69,25.0,500.59,0
697,52299.21,18.0,7880.68,1
698,42242.48,34.0,2070.37,0
699,28218.96,42.0,1305.08,0
700,40208.13,61.0,459.03,0
701,61419.67,30.0,9921.67,1
702,51282.5,26.0,8445.38,1
703,36017.9,43.0,1526.39,0
704,57575.0,33.0,9857.22,1
705,53330.76,42.0,2343.49,0
706,39834.51,63.0,699.95,0
707,62469.42,24.0,7286.55,0
708,40334.61,45.0,6808.86,0
709,47542.8,40.0,9448.2,0
710,55883.62,27.0,974.56,0
711,29163.01,43.0,1469.12,0
712,47786.14,29.0,7181.47,1
713,29736.31,35.0,657.04,0
714,50831.42,24.0,9572.58,1
715,62030.04,46.0,7572.56,0
716,54049.01,54.0,4569.64,0
717,34336.01,35.0,3441.64,0
718,31895.71,48.0,3423.34,0
719,51894.54,59.0,6579.53,0
720,37616.71,53.0,5732.24,0
721,22076.94,56.0,3948.14,0
722,56252.95,57.0,7327.07,0
723,26316.75,37.0,923.02,0
724,23120.87,40.0,1417.84,0
725,39033.03,59.0,5757.89,0
726,32420.81,32.0,1494.21,0
727,68827.24,25.0,1049.17,0
728,58092.2,41.0,5277.74,0
729,43538.85,46.0,8523.9,0
730,64040.48,59.0,5408.72,0
731,34395.22,25.0,2089.73,0
732,57405.51,45.0,6914.75,0
733,22581.13,40.0,34.28,0
734,27952.94,42.0,3965.25,0
735,54022.91,26.0,10641.45,1
736,63546.16,44.0,6170.23,0
737,60713.43,56.0,396.23,0
738,44519.32,32.0,1446.46,0
739,40997.79,55.0,7908.33,0
740,63661.38,25.0,6095.3,0
741,34429.14,39.0,2240.27,0
742,29181.86,48.0,2529.61,0
743,52510.43,40.0,1858.3,0
744,37536.34,25.0,2634.35,0
745,35683.74,44.0,4337.82,0
746,45622.29,41.0,528.18,0
747,67385.4,29.0,6747.23,0
748,69411.79,47.0,12176.78,0
749,48322.51,29.0,7732.69,1
750,40836.58,22.0,6994.48,1
751,38035.95,60.0,4298.7,0
752,42696.97,44.0,222.19,0
753,24181.69,22.0,1529.01,0
754,33194.4,51.0,6615.38,0
755,32541.46,34.0,780.83,0
756,38381.41,54.0,322.72,0
757,25921.91,58.0,5104.74,0
758,58810.97,22.0,9099.72,1
759,63025.74,56.0,2956.97,0
760,29954.0,61.0,5774.07,0
761,40641.52,37.0,5042.32,0
762,43940.91,38.0,2855.37,0
763,65166.97,25.0,8859.08,1
764,58820.38,30.0,530.65,0
765,50719.76,43.0,4770.93,0
766,46766.59,47.0,2383.4,0
767,67520.75,45.0,13041.77,0
768,28386.25,31.0,1718.94,0
769,68276.03,34.0,4842.07,0
770,30731.72,40.0,1129.56,0
771,30012.25,54.0,3972.15,0
772,38075.31,53.0,6928.94,0
773,55932.39,44.0,4876.36,0
774,27966.24,53.0,4445.2,0
775,53825.53,49.0,5272.8,0
776,65451.49,60.0,8129.04,0
777,39473.99,42.0,6034.15,0
778,42344.8,47.0,6800.24,0
779,36112.87,60.0,3737.21,0
780,32720.5,33.0,4367.26,1
781,27973.82,49.0,403.4,0
782,21306.03,35.0,3791.02,0
783,36029.3,52.0,2928.1,0
784,48457.96,22.0,8108.17,1
785,46038.51,39.0,6868.98,0
786,34247.15,34.0,6458.79,1
787,64247.61,31.0,4513.2,0
788,62109.76,41.0,2816.43,0
789,21481.8,19.0,1137.65,0
790,20762.47,25.0,2385.22,0
791,33756.52,40.0,1169.83,0
792,54325.8,29.0,6978.52,1
793,33197.8,59.0,3993.14,0
794,56846.47,30.0,5268.22,0
795,26542.93,45.0,4233.08,0
796,53200.54,59.0,3090.47,0
797,38073.4,32.0,2284.0,0
798,43937.21,56.0,3213.54,0
799,49284.81,51.0,493.58,0
800,22869.32,25.0,527.55,0
801,60113.34,40.0,8253.38,0
802,23613.25,32.0,2469.23,0
803,68755.09,53.0,10990.53,0
804,26449.32,46.0,2952.12,0
805,42855.41,47.0,4923.81,0
806,25686.77,35.0,3728.39,0
807,67125.64,36.0,7482.06,0
808,27427.78,59.0,719.94,0
809,37145.57,53.0,1510.73,0
810,41702.6,41.0,6105.72,0
811,20710.77,49.0,3960.71,0
812,39124.16,44.0,401.32,0
813,32834.64,60.0,4184.57,0
814,26267.22,58.0,1136.11,0
815,41254.22,28.0,6993.04,1
816,38268.69,30.0,2522.05,0
817,37087.26,57.0,6391.15,0
818,38458.13,55.0,3644.3,0
819,40185.77,31.0,1002.34,0
820,65481.94,45.0,10614.24,0
821,57426.68,20.0,2461.97,0
822,47903.31,46.0,4283.22,0
823,34222.18,52.0,3582.15,0
824,28481.26,47.0,5302.17,0
825,43069.65,41.0,4091.56,0
826,33093.96,33.0,3852.99,0
827,61363.85,62.0,9636.8,0
828,68100.73,47.0,8124.59,0
829,50551.48,56.0,5262.61,0
830,54421.05,22.0,6229.83,0
831,32152.45,57.0,3550.58,0
832,40230.97,58.0,745.19,0
833,53483.37,29.0,1459.66,0
834,65137.93,42.0,10352.18,0
835,29496.59,54.0,2216.97,0
836,45181.93,48.0,2243.15,0
837,24994.77,34.0,51.64,0
838,54820.97,20.0,10070.94,1
839,62955.6,29.0,207.54,0
840,52956.24,25.0,959.09,0
841,40366.2,32.0,7410.79,1
842,60005.01,40.0,10677.66,0
843,37598.38,54.0,3641.8,0
844,61323.0,60.0,8699.94,0
845,21243.93,57.0,3438.97,0
846,62111.43,25.0,499.2,0
847,56524.87,54.0,5296.94,0
848,51718.13,34.0,1036.61,0
849,43205.63,23.0,4835.27,0
850,26934.19,35.0,4113.29,0
851,68966.82,54.0,6690.63,0
852,31527.34,59.0,2062.71,0
853,46839.06,28.0,1498.2,0
854,32151.29,42.0,4601.94,0
855,40831.8,47.0,6429.59,0
856,30868.8,58.0,4618.39,0
857,62988.82,32.0,6924.9,0
858,65496.76,61.0,11805.55,0
859,63032.62,24.0,390.33,0
860,27287.07,18.0,4509.88,1
861,44299.37,24.0,5154.9,0
862,44091.34,30.0,1664.1,0
863,26617.03,28.0,2727.24,0
864,21856.23,47.0,1500.65,0
865,28072.6,54.0,1.37,0
866,35950.48,35.0,2664.92,0
867,28982.11,35.0,1440.49,0
868,51790.72,41.0,1281.03,0
869,65000.81,21.0,1114.91,0
870,29761.04,21.0,3748.25,1
871,23081.45,53.0,257.66,0
872,60016.74,22.0,1522.64,0
873,54619.15,53.0,901.27,0
874,66274.2,36.0,10257.91,0
875,49380.65,45.0,5425.28,0
876,46283.06,48.0,2166.12,0
877,25554.69,42.0,4229.91,0
878,36680.18,22.0,4849.33,1
879,30383.67,46.0,2153.6,0
880,67730.44,26.0,8881.58,1
881,36446.72,40.0,2927.67,0
882,33648.73,60.0,1498.16,0
883,53852.79,42.0,2089.9,0
884,61298.21,48.0,9399.5,0
885,69465.74,20.0,7983.7,0
886,39102.04,29.0,4200.69,0
887,29366.58,22.0,4049.25,1
888,67949.73,34.0,1790.34,0
889,29468.85,22.0,3703.95,1
890,56839.4,36.0,9004.8,0
891,38277.93,44.0,7405.8,0
892,49664.27,39.0,5571.45,0
893,49972.01,32.0,763.95,0
894,27356.8,63.0,2983.58,0
895,36840.6,36.0,6557.94,0
896,51438.81,46.0,6898.78,0
897,40614.72,20.0,2649.69,0
898,56738.63,63.0,3210.8,0
899,68004.68,41.0,2698.04,0
900,44458.63,52.0,1456.23,0
901,66801.19,19.0,288.64,0
902,48991.85,18.0,7453.26,1
903,69430.93,58.0,2648.22,0
904,27989.11,27.0,1770.81,0
905,67675.8,37.0,4396.07,0
906,47985.72,33.0,8801.61,1
907,43388.2,35.0,7007.15,0
908,63182.45,25.0,3493.22,0
909,20568.89,25.0,2257.06,0
910,25833.71,19.0,3716.25,1
911,23087.3,37.0,423.41,0
912,36124.71,25.0,6485.05,1
913,57330.61,44.0,1058.03,0
914,47240.25,55.0,4286.34,0
915,55730.62,55.0,9286.35,0
916,61660.4,48.0,1684.52,0
917,49746.88,29.0,7354.12,1
918,23973.68,55.0,95.46,0
919,28085.47,45.0,4431.28,0
920,33585.47,60.0,3933.88,0
921,44179.38,51.0,5888.37,0
922,56025.41,29.0,4341.62,0
923,49369.7,51.0,109.37,0
924,26889.36,62.0,675.71,0
925,30873.21,38.0,4076.87,0
926,30608.94,46.0,2632.55,0
927,54878.08,42.0,1504.47,0
928,32423.8,63.0,2961.95,0
929,46608.36,20.0,1521.86,0
930,65689.18,28.0,255.07,0
931,49054.86,54.0,1102.24,0
932,20310.57,54.0,1279.11,0
933,66423.39,18.0,1066.21,0
934,45783.15,63.0,7492.9,0
935,62887.76,42.0,6849.48,0
936,51088.21,52.0,9097.11,0
937,66217.94,19.0,745.07,0
938,62799.75,35.0,6752.58,0
939,45789.48,36.0,4545.15,0
940,59727.4,50.0,5203.32,0
941,35513.58,60.0,6983.36,0
942,29178.97,63.0,1664.38,0
943,67501.69,49.0,7589.75,0
944,66255.02,28.0,7475.21,0
945,63558.86,36.0,9282.92,0
946,63441.71,18.0,3119.41,0
947,64983.15,27.0,9109.77,1
948,56946.64,55.0,11175.84,0
949,52349.87,35.0,5181.84,0
950,31473.45,27.0,797.34,0
951,59267.33,34.0,5085.31,0
952,66809.17,31.0,1316.18,0
953,48083.31,39.0,9193.09,0
954,20629.34,28.0,3310.41,1
955,25363.33,31.0,3946.0,1
956,28873.67,62.0,2224.46,0
957,41430.85,33.0,5719.27,1
958,53612.13,23.0,5976.89,0
959,51555.74,57.0,9217.68,0
960,46564.37,50.0,599.83,0
961,61200.42,19.0,406.85,0
962,29307.32,61.0,481.84,0
963,67687.18,20.0,10506.32,1
964,52565.06,55.0,372.97,0
965,52920.14,20.0,9521.76,1
966,34981.36,23.0,5502.73,1
967,65210.83,27.0,12607.95,1
968,60016.07,54.0,2857.0,0
969,23066.96,33.0,1933.35,0
970,52603.87,43.0,2043.08,0
971,20111.36,53.0,1745.37,0
972,32759.7,43.0,5211.32,0
973,30578.02,55.0,3010.35,0
974,21211.58,32.0,931.78,0
975,53746.32,29.0,9534.66,1
976,45214.1,18.0,1779.72,0
977,58465.04,20.0,11417.06,1
978,54422.97,58.0,444.61,0
979,62842.06,62.0,107.59,0
980,53005.13,45.0,2539.33,0
981,40749.02,26.0,6207.18,1
982,49804.41,20.0,7235.19,1
983,37277.24,26.0,6289.25,1
984,46883.2,30.0,6342.56,1
985,31763.36,35.0,3489.4,0
986,61013.18,24.0,1791.54,0
987,41285.35,22.0,532.1,0
988,39133.89,21.0,433.45,0
989,62171.8,24.0,1035.46,0
990,53638.64,44.0,109.47,0
991,49264.58,58.0,3051.57,0
992,63114.49,48.0,11890.75,0
993,58165.5,45.0,4155.72,0
994,43029.8,27.0,6894.16,1
995,21593.62,51.0,458.09,0
996,49104.76,35.0,9452.21,0
997,65776.23,39.0,2805.86,0
998,36192.14,21.0,7236.17,1
999,62165.86,19.0,4739.94,0
1000,50793.35,41.0,421.64,0
1001,62422.2,32.0,2841.63,0
1002,63166.99,56.0,4058.78,0
1003,23717.56,49.0,1530.09,0
1004,66797.66,21.0,11921.19,1
1005,30272.2,19.0,1440.07,0
1006,55741.19,52.0,3181.78,0
1007,30742.57,26.0,5685.65,1
1008,20491.56,35.0,1579.16,0
1009,35620.41,40.0,3611.29,0
1010,50206.13,33.0,5826.46,0
1011,67935.45,60.0,8267.32,0
1012,59223.39,22.0,3901.4,0
1013,32657.26,32.0,1796.27,0
1014,55931.65,23.0,4053.51,0
1015,23694.77,22.0,764.29,0
1016,44324.28,23.0,2672.69,0
1017,34735.49,62.0,1402.21,0
1018,67064.34,22.0,1091.62,0
1019,42761.49,45.0,610.65,0
1020,49517.72,31.0,7337.95,1
1021,54372.18,29.0,839.12,0
1022,29941.96,48.0,3170.04,0
1023,68414.12,51.0,6154.05,0
1024,23891.24,51.0,3475.9,0
1025,47187.57,24.0,7933.46,1
1026,39819.92,63.0,3577.44,0
1027,50632.27,53.0,1262.35,0
1028,39970.21,40.0,7867.61,0
1029,55176.13,49.0,7822.93,0
1030,50533.57,56.0,117.71,0
1031,52983.87,42.0,5567.94,0
1032,31187.66,30.0,593.12,0
1033,34909.98,25.0,2852.37,0
1034,53810.84,51.0,9154.47,0
1035,55478.96,53.0,6227.54,0
1036,60394.09,57.0,8293.57,0
1037,36845.73,51.0,1790.01,0
1038,60264.94,54.0,2241.38,0
1039,52981.5,18.0,3759.93,0
1040,50222.76,21.0,8734.74,1
1041,59256.55,38.0,9812.97,0
1042,43203.41,40.0,7730.72,0
1043,46288.75,23.0,6053.79,1
1044,58176.15,52.0,9852.14,0
1045,25631.43,47.0,4778.7,0
1046,58977.99,30.0,9442.01,1
1047,25048.01,54.0,2341.36,0
1048,33436.48,34.0,5473.98,1
1049,23787.36,36.0,3041.55,0
1050,69456.56,48.0,13190.36,0
1051,65447.61,39.0,3269.53,0
1052,68743.35,56.0,2290.2,0
1053,36052.57,49.0,2830.17,0
1054,24820.79,38.0,51.94,0
1055,26046.38,54.0,4669.45,0
1056,60850.8,59.0,7206.85,0
1057,69929.01,51.0,12427.83,0
1058,53298.49,56.0,2106.7,0
1059,48818.38,49.0,2312.42,0
1060,38042.08,32.0,3495.85,0
1061,42119.82,60.0,1930.56,0
1062,62247.87,39.0,1870.71,0
1063,62252.08,28.0,1699.68,0
1064,36973.08,38.0,4144.44,0
1065,54217.23,26.0,8836.77,1
1066,44218.76,58.0,1693.92,0
1067,33274.05,23.0,2244.88,0
1068,54656.54,18.0,9911.13,1
1069,67593.51,25.0,9864.07,1
1070,39472.7,42.0,596.48,0
1071,30572.44,48.0,1847.09,0
1072,50447.69,58.0,2443.76,0
1073,49198.65,49.0,483.62,0
1074,53768.22,25.0,3696.95,0
1075,52809.54,61.0,6276.83,0
1076,38011.72,19.0,4625.19,1
1077,58910.29,31.0,3671.92,0
1078,57914.73,50.0,6715.85,0
1079,39494.76,28.0,3544.15,0
1080,45918.87,38.0,1910.32,0
1081,55649.05,19.0,7660.34,1
1082,27136.62,18.0,2253.19,0
1083,62724.63,39.0,9255.13,0
1084,32921.84,43.0,2553.21,0
1085,28482.64,19.0,329.45,0
1086,44170.22,24.0,2168.75,0
1087,60664.37,22.0,5873.41,0
1088,64501.93,33.0,12147.31,1
1089,28237.51,50.0,2728.18,0
1090,67420.59,21.0,3668.99,0
1091,55642.99,38.0,2841.69,0
1092,56086.05,34.0,3990.85,0
1093,57676.73,20.0,10504.66,1
1094,62535.63,39.0,9490.26,0
1095,60686.76,48.0,10614.13,0
1096,25032.3,46.0,680.9,0
1097,22228.34,33.0,2187.21,0
1098,41435.15,34.0,3702.17,0
1099,43955.4,51.0,7833.47,0
1100,60063.69,59.0,6766.29,0
1101,34635.74,18.0,4859.23,1
1102,63944.32,32.0,12213.94,1
1103,35403.42,34.0,2929.35,0
1104,53654.07,44.0,6587.77,0
1105,23508.23,52.0,4622.84,0
1106,61869.46,36.0,1040.49,0
1107,20674.89,23.0,299.82,0
1108,22127.92,61.0,1777.82,0
1109,27408.72,37.0,2591.02,0
1110,60720.79,38.0,3278.17,0
1111,34760.01,34.0,28.88,0
1112,23057.36,46.0,2487.16,0
1113,42380.99,35.0,6832.68,0
1114,37887.54,24.0,5061.77,1
1115,39988.74,54.0,357.08,0
1116,25026.5,62.0,3845.74,0
1117,43588.08,40.0,6453.05,0
1118,20897.42,28.0,2940.42,1
1119,24904.62,53.0,3376.9,0
1120,66068.63,35.0,5626.86,0
1121,36126.23,40.0,3805.8,0
1122,23626.72,34.0,2173.76,0
1123,30200.24,62.0,4871.67,0
1124,65569.78,62.0,12494.26,0
1125,20617.26,46.0,2224.06,0
1126,25817.45,21.0,3682.86,1
1127,21448.82,31.0,1989.18,0
1128,69370.17,52.0,4605.91,0
1129,34145.79,31.0,4074.95,0
1130,52651.25,57.0,6529.01,0
1131,40069.33,43.0,3646.05,0
1132,39246.54,48.0,919.11,0
1133,56233.78,57.0,9642.09,0
1134,49264.26,19.0,801.77,0
1135,30451.63,42.0,475.42,0
1136,28726.99,34.0,3675.83,1
1137,20113.25,30.0,2507.64,1
1138,43434.77,52.0,3672.1,0
1139,59208.71,30.0,11479.43,1
1140,69310.95,42.0,1590.32,0
1141,60567.42,40.0,571.93,0
1142,22048.89,53.0,4199.02,0
1143,66733.71,52.0,5366.64,0
1144,22209.0,22.0,4096.78,1
1145,49032.66,54.0,1777.95,0
1146,26558.36,57.0,22.32,0
1147,49255.45,36.0,4951.91,0
1148,30218.15,48.0,5914.51,0
1149,56317.08,24.0,8045.44,1
1150,53825.43,45.0,431.45,0
1151,34927.99,54.0,1957.05,0
1152,53287.38,59.0,4432.66,0
1153,32032.55,50.0,4582.93,0
1154,48405.72,47.0,3766.61,0
1155,46132.91,26.0,3216.49,0
1156,29049.07,57.0,2562.69,0
1157,68550.68,19.0,3879.67,0
1158,47474.81,37.0,5083.72,0
1159,50021.65,23.0,1054.26,0
1160,64089.13,37.0,6272.78,0
1161,28451.7,41.0,1042.85,0
1162,58132.47,29.0,5491.03,0
1163,30961.16,32.0,162.79,0
1164,64162.64,53.0,6938.01,0
1165,67470.11,52.0,12715.29,0
1166,68263.76,42.0,4124.33,0
1167,42889.33,57.0,6340.7,0
1168,20155.79,41.0,3489.95,0
1169,58178.61,49.0,10948.49,0
1170,45735.45,52.0,2944.53,0
1171,30037.2,38.0,1247.01,0
1172,64392.51,37.0,4513.24,0
1173,26291.37,52.0,1094.17,0
1174,36008.38,20.0,3709.3,0
1175,54953.97,44.0,365.64,0
1176,28753.32,49.0,4990.36,0
1177,41993.98,36.0,6644.34,0
1178,56696.45,57.0,9686.63,0
1179,51906.04,36.0,10235.27,0
1180,30939.39,47.0,6115.82,0
1181,38520.72,56.0,4176.94,0
1182,33489.03,25.0,3581.65,0
1183,52836.0,38.0,5671.64,0
1184,51733.28,24.0,7906.14,1
1185,41273.77,32.0,3299.88,0
1186,68223.68,28.0,7364.0,0
1187,28222.87,40.0,613.24,0
1188,21921.36,62.0,1901.14,0
1189,38852.93,27.0,7513.18,1
1190,59621.36,54.0,7014.62,0
1191,41377.74,45.0,5324.04,0
1192,54405.62,57.0,6253.2,0
1193,60103.01,56.0,2632.26,0
1194,67528.65,52.0,7877.41,0
1195,61156.93,31.0,3250.0,0
1196,42955.69,45.0,2962.82,0
1197,46923.04,36.0,3107.88,0
1198,24951.25,62.0,2544.35,0
1199,26267.52,34.0,59.46,0
1200,64603.92,33.0,11264.69,1
1201,34667.02,18.0,2827.28,0
1202,66008.39,19.0,9189.61,1
1203,45840.2,32.0,5299.23,0
1204,32188.01,49.0,4659.95,0
1205,50289.66,24.0,6127.38,1
1206,36837.53,54.0,1598.18,0
1207,28852.03,44.0,5705.98,0
1208,68127.16,47.0,12099.97,0
1209,41349.12,53.0,8083.23,0
1210,69132.46,33.0,7621.41,0
1211,38477.32,27.0,289.57,0
1212,68291.15,46.0,9577.95,0
1213,58074.6,59.0,8551.25,0
1214,26867.1,32.0,1730.15,0
1215,32348.45,59.0,3229.82,0
1216,31044.39,49.0,4465.87,0
1217,29279.74,18.0,2291.98,0
1218,35145.1,47.0,510.73,0
1219,44405.28,34.0,3917.87,0
1220,42059.63,55.0,5310.27,0
1221,28612.2,58.0,4948.48,0
1222,46546.7,60.0,254.84,0
1223,22832.32,32.0,3318.4,1
1224,21565.92,44.0,4136.76,0
1225,26078.21,31.0,3665.88,1
1226,60503.54,20.0,6766.53,0
1227,31233.3,41.0,1662.45,0
1228,34505.8,49.0,2151.69,0
1229,35485.11,47.0,2482.04,0
1230,45986.35,20.0,7112.92,1
1231,43308.17,34.0,6777.19,1
1232,53284.11,32.0,849.54,0
1233,68398.28,36.0,8106.85,0
1234,64743.7,56.0,4304.92,0
1235,68412.6,28.0,551.84,0
1236,59695.1,27.0,8889.92,1
1237,32406.57,20.0,3394.65,0
1238,33184.19,60.0,4580.09,0
1239,47688.25,34.0,1377.01,0
1240,42591.59,45.0,4602.24,0
1241,34051.52,35.0,6224.15,0
1242,61800.03,29.0,9143.61,1
1243,45360.71,27.0,4569.99,0
1244,20252.12,27.0,3360.05,1
1245,30134.7,43.0,958.99,0
1246,56217.32,51.0,2866.58,0
1247,31722.73,34.0,2877.75,0
1248,60178.44,33.0,3203.61,0
1249,51144.24,37.0,3411.65,0
1250,22449.07,35.0,1187.42,0
1251,44932.87,27.0,622.91,0
1252,40929.48,20.0,2352.28,0
1253,31092.26,43.0,5617.99,0
1254,44743.55,53.0,2574.7,0
1255,60770.22,33.0,2242.82,0
1256,43528.48,59.0,2264.72,0
1257,25008.94,63.0,2941.02,0
1258,47433.41,60.0,9139.14,0
1259,50064.34,29.0,417.63,0
1260,60348.41,60.0,3037.96,0
1261,67471.12,26.0,4448.41,0
1262,30492.87,61.0,4834.73,0
1263,25640.07,22.0,3105.44,1
1264,55040.75,52.0,8352.06,0
1265,34476.7,23.0,898.13,0
1266,23345.86,38.0,4548.11,0
1267,24426.02,34.0,823.83,0
1268,65849.88,30.0,5051.3,0
1269,60454.52,41.0,7875.07,0
1270,22680.31,55.0,1743.77,0
1271,44471.87,19.0,5883.66,1
1272,46572.32,59.0,721.34,0
1273,24369.84,61.0,1366.53,0
1274,56830.27,37.0,10462.74,0
1275,46942.99,55.0,2187.06,0
1276,42521.79,54.0,6745.81,0
1277,63188.32,51.0,3960.85,0
1278,29410.17,23.0,812.32,0
1279,46668.62,57.0,1833.48,0
1280,62693.26,22.0,5321.71,0
1281,65307.12,23.0,1906.79,0
1282,59589.06,20.0,4191.71,0
1283,41019.54,23.0,3005.82,0
1284,48058.87,47.0,6527.99,0
1285,50208.53,35.0,729.6,0
1286,62526.88,61.0,5835.54,0
1287,48192.18,29.0,5026.47,0
1288,30884.05,31.0,4099.9,1
1289,36965.74,53.0,6333.39,0
1290,43536.03,27.0,6427.72,1
1291,69181.66,39.0,1173.74,0
1292,64233.04,26.0,12104.53,1
1293,52593.51,19.0,811.9,0
1294,32282.25,42.0,3345.94,0
1295,54077.84,57.0,7149.06,0
1296,51595.35,28.0,385.4,0
1297,23097.37,53.0,4517.57,0
1298,27407.05,26.0,2949.93,0
1299,64395.29,63.0,10054.63,0
1300,60432.21,41.0,6300.86,0
1301,42990.98,29.0,4665.58,0
1302,41581.88,22.0,7895.11,1
1303,53289.06,47.0,8047.14,0
1304,22372.5,31.0,1118.92,0
1305,57119.73,22.0,10211.72,1
1306,31112.05,49.0,424.35,0
1307,68936.32,43.0,11073.15,0
1308,20436.33,56.0,2356.18,0
1309,20583.61,21.0,53.18,0
1310,58988.3,19.0,4728.25,0
1311,45311.83,26.0,3103.81,0
1312,60856.83,37.0,10238.49,0
1313,45818.28,48.0,8137.16,0
1314,20904.55,41.0,2606.02,0
1315,49908.29,29.0,2903.03,0
1316,55988.29,31.0,7745.75,1
1317,62125.25,21.0,5700.45,0
1318,48822.72,60.0,599.34,0
1319,29976.82,57.0,3796.03,0
1320,41944.26,61.0,1203.7,0
1321,36970.36,33.0,1268.5,0
1322,39992.71,20.0,4999.2,1
1323,42450.54,61.0,6210.28,0
1324,42146.93,23.0,7367.25,1
1325,52841.51,18.0,5957.38,0
1326,66418.95,62.0,9340.54,0
1327,44047.66,27.0,2096.91,0
1328,24821.21,19.0,874.32,0
1329,35583.61,63.0,27.25,0
1330,25289.6,21.0,2130.79,0
1331,39770.12,45.0,280.87,0
1332,59511.13,29.0,2520.51,0
1333,51211.65,45.0,4093.36,0
1334,56530.49,45.0,5957.99,0
1335,42604.46,41.0,7942.16,0
1336,66642.0,56.0,4958.06,0
1337,35527.83,47.0,325.11,0
1338,66896.76,31.0,387.39,0
1339,51980.35,35.0,6243.04,0
1340,40081.42,43.0,770.77,0
1341,50167.67,42.0,5592.65,0
1342,39545.95,43.0,5787.65,0
1343,43372.39,55.0,474.52,0
1344,33084.16,59.0,5762.46,0
1345,53187.97,63.0,4879.84,0
1346,48290.88,30.0,4902.97,0
1347,66078.76,45.0,3664.62,0
1348,51547.16,53.0,6563.41,0
1349,39393.14,52.0,5415.05,0
1350,69592.01,63.0,13025.05,0
1351,54588.5,31.0,2847.81,0
1352,44964.01,48.0,693.21,0
1353,46081.64,50.0,1487.78,0
1354,45564.01,22.0,715.83,0
1355,62657.6,28.0,5771.08,0
1356,67921.63,35.0,1399.87,0
1357,59514.01,57.0,2504.72,0
1358,48422.53,41.0,3520.56,0
1359,22001.31,31.0,2155.81,0
1360,52529.69,18.0,9808.19,1
1361,24061.46,34.0,3980.57,1
1362,23450.87,34.0,1419.8,0
1363,32866.57,44.0,6037.0,0
1364,30958.9,43.0,1558.93,0
1365,27550.89,29.0,3944.21,1
1366,36024.93,51.0,4155.44,0
1367,46801.27,34.0,5315.97,0
1368,27082.71,60.0,4990.55,0
1369,65435.03,19.0,12727.99,1
1370,59295.74,51.0,493.71,0
1371,45435.26,21.0,2143.38,0
1372,61742.6,34.0,326.98,0
1373,31396.86,34.0,3719.23,0
1374,35916.7,53.0,6401.18,0
1375,43969.6,25.0,7455.92,1
1376,60624.81,39.0,6740.71,0
1377,69939.32,55.0,2225.22,0
1378,69755.32,44.0,13766.05,0
1379,69478.39,22.0,10229.4,1
1380,34192.16,27.0,5233.66,1
1381,57457.85,50.0,3608.8,0
1382,63910.33,56.0,8986.71,0
1383,26643.8,19.0,1413.78,0
1384,23985.07,24.0,2284.2,0
1385,63660.64,50.0,7832.57,0
1386,44102.33,21.0,842.56,0
1387,29409.8,41.0,3388.56,0
1388,49294.65,37.0,4574.85,0
1389,39553.64,53.0,7063.89,0
1390,68583.04,57.0,2922.28,0
1391,31060.6,53.0,3729.97,0
1392,29190.32,60.0,5239.59,0
1393,63437.7,54.0,11963.36,0
1394,35243.06,35.0,748.94,0
1395,36475.35,63.0,413.31,0
1396,63271.6,23.0,11298.17,1
1397,45540.32,59.0,1490.47,0
1398,68565.38,21.0,1231.53,0
1399,20063.09,24.0,2495.13,1
1400,44222.26,55.0,7443.48,0
1401,67839.24,47.0,5609.32,0
1402,54009.69,49.0,884.73,0
1403,52234.07,47.0,9255.84,0
1404,28423.13,61.0,5282.84,0
1405,52623.43,50.0,1156.31,0
1406,25636.33,55.0,1239.68,0
1407,60842.94,60.0,6608.96,0
1408,36727.74,58.0,7287.54,0
1409,63830.74,35.0,5271.62,0
1410,43108.41,22.0,647.87,0
1411,25285.26,19.0,1027.57,0
1412,57646.24,62.0,1452.49,0
1413,51027.56,61.0,3313.3,0
1414,37389.77,34.0,7365.93,1
1415,65017.59,26.0,1017.16,0
1416,20595.93,45.0,1330.06,0
1417,56445.47,55.0,6875.57,0
1418,60864.32,44.0,3704.03,0
1419,51231.01,62.0,813.02,0
1420,41103.13,63.0,3644.3,0
1421,56267.05,43.0,8238.11,0
1422,20774.84,35.0,1347.33,0
1423,46424.22,59.0,4087.18,0
1424,29909.55,62.0,4495.27,0
1425,62808.5,56.0,6465.75,0
1426,41243.8,52.0,4161.57,0
1427,46089.14,63.0,1618.21,0
1428,69191.23,57.0,6270.57,0
1429,60846.66,32.0,8974.49,1
1430,66558.93,48.0,3090.99,0
1431,27428.28,54.0,1287.63,0
1432,60912.79,60.0,3870.33,0
1433,28127.5,41.0,3279.55,0
1434,64029.54,36.0,1644.33,0
1435,61836.73,29.0,10971.97,1
1436,37005.07,58.0,1068.88,0
1437,56003.57,18.0,3639.9,0
1438,58038.92,54.0,538.23,0
1439,29237.25,24.0,23.91,0
1440,33265.79,21.0,5968.44,1
1441,66236.92,35.0,2756.97,0
1442,41978.71,52.0,1603.92,0
1443,63453.22,23.0,10668.36,1
1444,24985.59,50.0,2017.13,0
1445,53593.11,62.0,1428.18,0
1446,54179.72,52.0,10028.01,0
1447,20126.41,36.0,1432.35,0
1448,51180.83,56.0,2875.44,0
1449,36455.7,38.0,3437.07,0
1450,39188.94,22.0,3545.16,0
1451,47852.92,38.0,3295.32,0
1452,20014.48,43.0,2426.3,0
1453,28630.0,27.0,4406.99,1
1454,66688.91,48.0,9690.3,0
1455,53226.19,43.0,5686.64,0
1456,35609.47,47.0,2574.09,0
1457,64065.68,43.0,771.71,0
1458,54935.65,42.0,7921.83,0
1459,67800.58,28.0,5035.13,0
1460,46893.33,43.0,9131.86,0
1461,54648.96,56.0,10674.77,0
1462,31410.5,36.0,5797.29,0
1463,36989.58,33.0,556.55,0
1464,33198.12,30.0,4285.38,1
1465,47704.38,21.0,2717.07,0
1466,30569.57,37.0,4752.55,0
1467,61398.68,63.0,9008.15,0
1468,67750.82,33.0,6855.98,0
1469,47637.86,51.0,6708.67,0
1470,38357.51,25.0,2548.41,0
1471,43156.3,27.0,2413.01,0
1472,41101.54,35.0,5240.11,0
1473,59475.49,36.0,2628.26,0
1474,40708.91,32.0,5532.34,1
1475,30391.47,59.0,2072.63,0
1476,46024.14,24.0,4318.37,0
1477,66529.48,59.0,6337.67,0
1478,68115.98,37.0,7458.55,0
1479,38423.08,29.0,3676.56,0
1480,33227.28,23.0,6470.41,1
1481,61674.45,54.0,4054.55,0
1482,26931.06,41.0,3668.64,0
1483,60040.99,44.0,2659.69,0
1484,26181.24,42.0,2618.97,0
1485,61552.21,61.0,4042.53,0
1486,29705.07,41.0,1912.2,0
1487,53934.81,21.0,2085.81,0
1488,23007.38,48.0,2296.79,0
1489,48552.84,29.0,5650.88,0
1490,66370.88,63.0,5176.36,0
1491,49140.26,43.0,8832.65,0
1492,39684.98,33.0,2590.92,0
1493,32025.4,37.0,217.48,0
1494,55568.17,42.0,6114.86,0
1495,45898.51,24.0,5617.17,1
1496,39217.9,30.0,864.62,0
1497,34070.6,27.0,1401.68,0
1498,66768.36,49.0,4255.36,0
1499,31400.85,62.0,4464.4,0
1500,49335.75,43.0,2549.62,0
1501,51774.05,47.0,1508.76,0
1502,43064.64,43.0,787.04,0
1503,41226.13,49.0,2155.66,0
1504,43044.51,60.0,1661.71,0
1505,33546.29,54.0,5347.29,0
1506,69209.33,26.0,6284.83,0
1507,32291.54,39.0,277.38,0
1508,66274.07,21.0,11576.54,1
1509,34102.79,42.0,1269.25,0
1510,21144.56,21.0,703.36,0
1511,41049.97,49.0,5890.11,0
1512,36351.27,33.0,6619.83,1
1513,63144.45,32.0,812.57,0
1514,32086.91,28.0,6362.39,1
1515,28873.16,62.0,992.57,0
1516,65359.29,18.0,7707.24,0
1517,49064.28,43.0,5636.35,0
1518,23763.06,39.0,2950.31,0
1519,51845.94,43.0,8750.83,0
1520,67035.32,46.0,11276.62,0
1521,49240.76,53.0,8004.35,0
1522,36132.32,18.0,3009.39,0
1523,67006.8,36.0,3692.16,0
1524,39453.64,32.0,436.93,0
1525,52205.6,24.0,1135.15,0
1526,46319.41,45.0,1523.07,0
1527,29398.72,41.0,4673.76,0
1528,31135.6,19.0,2457.91,0
1529,65603.81,19.0,11775.35,1
1530,41362.5,44.0,607.96,0
1531,60302.55,52.0,6509.69,0
1532,54468.27,23.0,68.62,0
1533,47683.71,32.0,4752.28,0
1534,38160.11,31.0,3429.9,0
1535,22925.81,34.0,2547.27,0
1536,64087.85,38.0,722.51,0
1537,65824.51,40.0,2643.1,0
1538,53451.93,49.0,10529.72,0
1539,36455.48,35.0,2464.16,0
1540,39573.34,29.0,5785.88,1
1541,41052.36,49.0,4652.95,0
1542,37895.18,54.0,6071.34,0
1543,44827.23,56.0,2639.91,0
1544,28341.08,39.0,2248.24,0
1545,56887.2,36.0,10969.59,0
1546,25146.59,21.0,2890.65,0
1547,54739.16,28.0,7218.96,1
1548,30497.2,28.0,4573.59,1
1549,25358.89,41.0,2220.22,0
1550,29993.56,49.0,2749.58,0
1551,64675.77,30.0,4628.6,0
1552,56256.03,22.0,5452.24,0
1553,31702.33,28.0,3587.72,0
1554,34113.11,30.0,6360.15,1
1555,44666.01,54.0,7548.44,0
1556,39421.36,26.0,6111.96,1
1557,21683.19,46.0,339.59,0
1558,65697.59,36.0,5644.65,0
1559,68657.78,35.0,2427.94,0
1560,66981.41,27.0,6678.56,0
1561,45971.13,27.0,4776.49,0
1562,42965.99,45.0,8109.05,0
1563,50895.81,18.0,5556.83,0
1564,46175.03,36.0,1064.08,0
1565,44984.89,51.0,4584.61,0
1566,66941.86,22.0,12380.62,1
1567,31022.14,39.0,6144.93,0
1568,46583.19,32.0,6241.27,1
1569,56201.84,43.0,8346.32,0
1570,31587.06,56.0,2677.82,0
1571,40716.19,25.0,2389.7,0
1572,64966.06,28.0,11495.73,1
1573,68503.2,19.0,3580.46,0
1574,33867.5,30.0,5714.02,1
1575,54195.01,39.0,6649.8,0
1576,50565.33,62.0,693.19,0
1577,57216.1,31.0,3554.38,0
1578,29849.96,39.0,3678.89,0
1579,29072.15,38.0,1589.43,0
1580,29775.14,21.0,3327.23,0
1581,46672.71,54.0,1408.49,0
1582,66393.71,58.0,9540.41,0
1583,29338.25,25.0,5120.4,1
1584,67289.58,26.0,13376.79,1
1585,45980.33,31.0,5929.09,1
1586,34163.62,45.0,6617.4,0
1587,52216.81,23.0,6803.33,1
1588,62313.27,60.0,925.79,0
1589,49205.63,24.0,3393.85,0
1590,65688.73,24.0,3673.87,0
1591,43489.82,51.0,6501.04,0
1592,40966.67,46.0,2393.52,0
1593,37261.44,23.0,2075.51,0
1594,58775.4,45.0,5673.59,0
1595,39395.83,36.0,7557.87,0
1596,21144.16,58.0,987.79,0
1597,33126.13,50.0,4169.99,0
1598,30931.5,35.0,1074.78,0
1599,31936.94,59.0,4087.99,0
1600,38157.02,51.0,5628.01,0
1601,21032.81,30.0,4024.08,1
1602,50238.53,34.0,2567.61,0
1603,67346.66,34.0,6752.12,0
1604,33261.64,18.0,586.65,0
1605,53113.03,59.0,10080.52,0
1606,42749.99,56.0,4626.53,0
1607,42108.19,26.0,1020.97,0
1608,61344.53,20.0,7172.65,0
1609,54738.68,26.0,6210.72,0
1610,69695.15,26.0,8418.25,1
1611,62507.35,27.0,6590.77,0
1612,61922.77,24.0,1933.08,0
1613,58023.72,42.0,2785.77,0
1614,27010.88,36.0,2373.17,0
1615,21194.61,25.0,1102.84,0
1616,68338.09,34.0,12840.69,1
1617,67772.79,41.0,5037.93,0
1618,67131.8,58.0,2271.4,0
1619,33159.21,42.0,2135.53,0
1620,66087.08,51.0,11039.28,0
1621,60362.34,24.0,10306.7,1
1622,54609.46,18.0,5618.2,0
1623,63637.28,26.0,9955.22,1
1624,40918.57,37.0,3813.69,0
1625,51486.13,33.0,3955.11,0
1626,44896.25,48.0,3787.63,0
1627,24877.68,29.0,1546.42,0
1628,52263.35,34.0,10161.94,1
1629,42775.52,39.0,6145.98,0
1630,67064.01,18.0,8945.28,1
1631,50307.94,51.0,7207.94,0
1632,37432.68,22.0,4445.5,0
1633,30084.15,18.0,737.25,0
1634,61427.41,20.0,2163.31,0
1635,54718.85,29.0,2883.28,0
1636,47923.57,57.0,6931.71,0
1637,22880.72,18.0,1909.21,0
1638,46118.55,23.0,2728.31,0
1639,35082.38,41.0,2918.47,0
1640,38387.32,30.0,6453.5,1
1641,57413.57,43.0,9421.29,0
1642,28198.09,62.0,4370.79,0
1643,50117.85,32.0,3599.06,0
1644,34876.33,53.0,3102.34,0
1645,64126.49,19.0,4956.94,0
1646,41916.69,48.0,6106.1,0
1647,50052.29,27.0,5589.32,0
1648,39158.91,41.0,6887.73,0
1649,62219.03,19.0,5831.52,0
1650,67151.31,51.0,3941.69,0
1651,46166.16,25.0,901.75,0
1652,23881.78,32.0,1190.63,0
1653,48445.11,38.0,8733.44,0
1654,32441.65,58.0,840.71,0
1655,33820.18,61.0,4342.17,0
1656,61812.9,52.0,3124.31,0
1657,25347.57,61.0,2188.5,0
1658,33965.52,43.0,3123.89,0
1659,23641.7,56.0,4203.5,0
1660,50660.9,52.0,7511.0,0
1661,44037.24,58.0,5269.51,0
1662,51657.12,35.0,609.35,0
1663,46573.24,53.0,5533.29,0
1664,26922.46,44.0,3950.0,0
1665,48414.25,21.0,2105.7,0
1666,43974.84,47.0,8371.49,0
1667,65913.83,22.0,12972.41,1
1668,64715.99,60.0,11173.8,0
1669,25481.98,48.0,4005.81,0
1670,54170.53,37.0,1048.93,0
1671,51653.7,19.0,1853.41,0
1672,66054.5,39.0,10321.09,0
1673,60019.44,19.0,6978.34,0
1674,31523.95,62.0,5697.02,0
1675,65660.94,22.0,93.15,0
1676,61893.48,19.0,6038.16,0
1677,49230.09,47.0,8375.72,0
1678,38337.82,55.0,5691.09,0
1679,64016.43,44.0,10048.39,0
1680,46308.64,40.0,6815.48,0
1681,66209.14,45.0,7134.65,0
1682,47770.71,33.0,5366.86,0
1683,29856.48,18.0,4731.81,1
1684,21451.49,52.0,1719.03,0
1685,59673.17,57.0,7533.67,0
1686,47481.42,20.0,9402.87,1
1687,36219.77,56.0,4280.79,0
1688,59458.7,56.0,1513.32,0
1689,67010.84,51.0,11646.91,0
1690,58693.41,27.0,4033.15,0
1691,43041.04,46.0,2245.5,0
1692,31920.41,52.0,217.18,0
1693,32771.12,58.0,1853.68,0
1694,55487.14,32.0,178.69,0
1695,68406.8,46.0,2491.46,0
1696,37277.12,28.0,4242.64,0
1697,39762.52,25.0,3809.34,0
1698,41674.24,54.0,3203.2,0
1699,25789.74,45.0,4442.33,0
1700,24575.05,36.0,1667.74,0
1701,58082.36,60.0,9175.66,0
1702,67881.88,53.0,10503.57,0
1703,50115.05,26.0,3447.0,0
1704,40443.2,33.0,1857.25,0
1705,65824.83,19.0,154.94,0
1706,51199.86,22.0,4064.81,0
1707,67032.28,44.0,5487.82,0
1708,42205.68,23.0,2444.73,0
1709,37730.36,52.0,5273.55,0
1710,47398.31,50.0,9041.87,0
1711,48933.2,50.0,5071.37,0
1712,53078.85,49.0,10566.35,0
1713,53236.99,57.0,703.6,0
1714,58121.95,58.0,5161.1,0
1715,57261.15,40.0,2527.75,0
1716,52102.59,19.0,8799.81,1
1717,45165.92,37.0,5534.55,0
1718,58809.29,37.0,5470.58,0
1719,36598.34,41.0,6849.29,0
1720,62096.28,25.0,8034.74,1
1721,68114.07,47.0,4325.09,0
1722,67978.46,23.0,7382.5,0
1723,26615.52,53.0,3458.19,0
1724,51254.37,50.0,8747.2,0
1725,34428.97,27.0,6016.61,1
1726,60974.58,33.0,6165.65,0
1727,63330.73,30.0,5170.89,0
1728,58168.47,27.0,2935.36,0
1729,59579.6,51.0,2319.36,0
1730,52219.89,47.0,6560.46,0
1731,28700.87,28.0,5090.31,1
1732,27193.74,21.0,4518.85,1
1733,67417.57,29.0,6478.4,0
1734,57341.43,23.0,784.89,0
1735,64056.53,48.0,5982.8,0
1736,66370.69,38.0,5906.03,0
1737,45045.43,58.0,8489.4,0
1738,58609.13,22.0,4270.53,0
1739,53289.06,32.0,7395.51,1
1740,60309.32,34.0,2343.07,0
1741,45139.48,19.0,1743.69,0
1742,22815.64,61.0,2749.07,0
1743,45215.01,27.0,383.85,0
1744,40568.07,35.0,5990.31,0
1745,43721.25,55.0,5923.39,0
1746,38129.75,19.0,3964.72,0
1747,22547.96,57.0,2957.29,0
1748,57468.05,62.0,8452.95,0
1749,25534.67,37.0,1084.96,0
1750,26325.5,56.0,3336.13,0
1751,65913.83,36.0,11738.91,0
1752,67119.13,18.0,2725.24,0
1753,62020.46,56.0,114.2,0
1754,37965.84,27.0,299.05,0
1755,62114.85,30.0,12115.89,1
1756,36871.06,46.0,792.71,0
1757,65030.9,36.0,2231.97,0
1758,23193.6,41.0,548.59,0
1759,59568.62,40.0,7685.32,0
1760,50527.58,26.0,5639.24,0
1761,60776.11,34.0,10382.43,1
1762,61632.28,34.0,3028.59,0
1763,45930.45,49.0,7765.25,0
1764,25857.76,41.0,1810.23,0
1765,55093.92,55.0,6485.3,0
1766,42301.33,19.0,1480.61,0
1767,51903.53,59.0,8807.86,0
1768,64398.14,35.0,1674.9,0
1769,41089.51,57.0,997.18,0
1770,36727.55,24.0,794.55,0
1771,38163.39,63.0,454.3,0
1772,35949.89,56.0,3680.17,0
1773,44979.8,32.0,6045.08,1
1774,48211.58,30.0,2606.12,0
1775,28267.08,54.0,965.37,0
1776,33816.22,60.0,5265.74,0
1777,33078.99,36.0,6278.31,0
1778,36019.81,42.0,2987.96,0
1779,34238.53,63.0,6002.93,0
1780,62064.52,22.0,2972.38,0
1781,44867.61,55.0,366.1,0
1782,37162.88,28.0,3110.53,0
1783,65680.94,62.0,8838.23,0
1784,58772.85,46.0,7048.0,0
1785,32435.24,43.0,5685.4,0
1786,58028.21,50.0,5753.89,0
1787,60595.27,62.0,4534.49,0
1788,36565.8,19.0,1888.33,0
1789,20742.69,61.0,2295.81,0
1790,46666.63,18.0,7677.82,1
1791,32203.56,61.0,838.02,0
1792,36535.31,29.0,271.72,0
1793,28163.29,58.0,2121.15,0
1794,39019.35,31.0,3196.55,0
1795,24709.08,54.0,1915.38,0
1796,43052.96,31.0,488.93,0
1797,25003.91,53.0,2183.71,0
1798,46696.89,34.0,4732.49,0
1799,50112.46,41.0,5067.03,0
1800,43265.9,44.0,6194.07,0
1801,67802.69,49.0,13443.47,0
1802,55408.7,43.0,10300.28,0
1803,67048.89,55.0,10839.91,0
1804,40262.59,51.0,6535.85,0
1805,46427.49,61.0,5671.45,0
1806,46911.19,23.0,4263.85,0
1807,57359.55,34.0,10011.41,1
1808,34569.3,63.0,6254.52,0
1809,52797.4,21.0,1080.42,0
1810,56630.39,57.0,8442.89,0
1811,45245.73,35.0,1974.0,0
1812,20803.61,61.0,758.43,0
1813,57717.6,48.0,3153.22,0
1814,20647.88,20.0,725.45,0
1815,59046.45,36.0,8237.04,0
1816,62662.25,25.0,1965.92,0
1817,33614.49,46.0,4837.78,0
1818,48765.12,50.0,5183.85,0
1819,57240.75,41.0,313.62,0
1820,49973.66,43.0,363.89,0
1821,41255.93,45.0,5296.9,0
1822,61129.72,35.0,11302.76,0
1823,48938.58,59.0,3028.83,0
1824,68648.24,27.0,9425.7,1
1825,41250.82,39.0,7651.57,0
1826,22415.65,40.0,4371.71,0
1827,24112.49,35.0,3285.49,0
1828,41692.6,62.0,1708.71,0
1829,23516.72,27.0,559.9,0
1830,53812.22,44.0,3245.04,0
1831,29750.29,45.0,3627.98,0
1832,22633.67,37.0,553.52,0
1833,28713.83,54.0,1936.81,0
1834,63321.9,19.0,8092.98,1
1835,35276.58,28.0,6820.31,1
1836,35914.6,60.0,520.99,0
1837,31568.14,63.0,5067.41,0
1838,39934.06,31.0,184.74,0
1839,48614.84,61.0,5984.95,0
1840,29838.12,25.0,5913.64,1
1841,57745.35,36.0,5540.46,0
1842,44447.52,32.0,2714.4,0
1843,51768.0,30.0,6632.03,1
1844,34891.14,55.0,6152.31,0
1845,45382.8,42.0,2742.45,0
1846,40719.49,22.0,6415.08,1
1847,55145.78,57.0,8968.67,0
1848,48752.42,30.0,8934.78,1
1849,55763.42,30.0,7913.83,1
1850,36431.16,46.0,6783.36,0
1851,40522.82,63.0,7720.78,0
1852,42465.66,58.0,7314.97,0
1853,38561.94,45.0,4831.11,0
1854,54957.44,59.0,6976.46,0
1855,24822.06,29.0,2361.16,0
1856,25252.48,23.0,434.86,0
1857,25671.74,18.0,2272.14,0
1858,60672.14,43.0,6279.68,0
1859,60729.94,40.0,5006.85,0
1860,40240.72,26.0,7498.63,1
1861,57513.81,33.0,6921.49,1
1862,64287.39,45.0,6301.59,0
1863,48428.03,33.0,7718.47,1
1864,55313.83,25.0,9733.11,1
1865,27045.39,50.0,2503.78,0
1866,58216.07,27.0,9581.83,1
1867,34722.96,22.0,4073.41,0
1868,58503.77,42.0,7050.43,0
1869,55299.78,62.0,8052.38,0
1870,49501.9,50.0,2226.81,0
1871,61765.7,59.0,3649.64,0
1872,48430.99,18.0,6069.64,1
1873,66366.95,41.0,465.01,0
1874,55320.78,29.0,5990.71,0
1875,48774.28,62.0,3728.48,0
1876,61679.95,24.0,3060.03,0
1877,61485.17,60.0,3211.67,0
1878,24402.44,52.0,101.21,0
1879,21258.9,54.0,706.61,0
1880,48763.68,28.0,8172.05,1
1881,24406.89,37.0,1733.4,0
1882,61693.58,25.0,1568.86,0
1883,22748.03,26.0,108.62,0
1884,21479.94,24.0,1098.07,0
1885,51286.65,45.0,1134.23,0
1886,27153.66,48.0,3177.51,0
1887,36370.49,39.0,2855.21,0
1888,32400.54,61.0,3591.79,0
1889,60434.16,63.0,2474.24,0
1890,57303.47,52.0,10491.63,0
1891,42994.68,36.0,4453.82,0
1892,68339.8,23.0,2505.86,0
1893,49292.3,20.0,967.13,0
1894,57802.42,43.0,6796.59,0
1895,50779.38,39.0,6859.83,0
1896,35993.98,53.0,93.89,0
1897,21771.12,33.0,350.44,0
1898,61414.8,56.0,9743.6,0
1899,35784.66,46.0,110.2,0
1900,24791.18,39.0,4844.68,0
1901,49048.75,52.0,6363.11,0
1902,69852.05,62.0,9246.26,0
1903,21217.74,21.0,2690.76,1
1904,48031.06,43.0,7826.32,0
1905,64072.31,61.0,2426.0,0
1906,56689.46,41.0,5740.59,0
1907,45769.25,55.0,8236.47,0
1908,35020.48,24.0,6832.8,1
1909,56751.92,59.0,7877.33,0
1910,27363.63,44.0,3215.26,0
1911,48455.71,27.0,1780.5,0
1912,21424.09,36.0,1795.22,0
1913,69992.33,41.0,52.87,0
1914,68110.23,32.0,11029.66,1
1915,48015.55,28.0,54.0,0
1916,23102.21,35.0,1779.57,0
1917,46134.85,54.0,8716.61,0
1918,48547.96,56.0,1940.87,0
1919,26095.02,58.0,5143.49,0
1920,64057.84,59.0,5774.28,0
1921,24454.19,52.0,864.96,0
1922,40506.94,52.0,5961.53,0
1923,43421.04,27.0,4705.75,0
1924,55881.54,33.0,8383.07,1
1925,45917.6,45.0,8253.27,0
1926,52901.9,60.0,729.37,0
1927,41183.82,56.0,7606.99,0
1928,25379.91,24.0,4693.11,1
1929,27514.08,36.0,192.14,0
1930,44241.28,19.0,8733.17,1
1931,29076.33,41.0,286.26,0
1932,60536.91,32.0,3132.55,0
1933,47881.95,38.0,5575.63,0
1934,49144.37,51.0,1633.03,0
1935,33707.8,59.0,321.57,0
1936,46442.28,28.0,1484.56,0
1937,25602.95,28.0,2214.92,0
1938,61236.39,36.0,6562.9,0
1939,48187.34,55.0,2003.41,0
1940,29933.2,18.0,5953.52,1
1941,41027.9,44.0,4369.21,0
1942,49990.66,45.0,1896.75,0
1943,59792.5,24.0,660.24,0
1944,35879.51,41.0,5335.4,0
1945,29102.22,27.0,1890.44,0
1946,30047.81,51.0,5768.74,0
1947,59299.16,36.0,4944.05,0
1948,64484.01,33.0,1391.6,0
1949,36352.42,43.0,6239.24,0
1950,66034.75,60.0,3913.78,0
1951,51650.27,40.0,3743.0,0
1952,31898.15,41.0,2015.18,0
1953,58780.23,18.0,5029.7,0
1954,67754.1,42.0,2989.95,0
1955,48500.26,61.0,7054.6,0
1956,55704.79,48.0,5594.33,0
1957,50458.95,52.0,9852.88,0
1958,48263.0,28.0,7798.79,1
1959,38755.16,56.0,4244.49,0
1960,68131.66,57.0,7813.23,0
1961,28991.42,37.0,1249.34,0
1962,35108.55,40.0,4002.99,0
1963,28858.59,23.0,3764.81,1
1964,22800.79,28.0,3740.9,1
1965,29572.97,39.0,5006.25,0
1966,21982.01,34.0,4265.17,1
1967,45576.83,38.0,4952.65,0
1968,55068.66,51.0,4852.76,0
1969,56441.01,43.0,9043.75,0
1970,68047.92,47.0,4023.06,0
1971,36275.73,30.0,644.38,0
1972,52389.36,54.0,10398.82,0
1973,23678.37,47.0,1779.81,0
1974,37707.64,31.0,268.29,0
1975,57753.56,54.0,5067.44,0
1976,30529.96,47.0,6046.84,0
1977,44022.26,31.0,1707.67,0
1978,58533.88,40.0,7832.44,0
1979,33702.53,48.0,922.03,0
1980,40236.87,52.0,4354.31,0
1981,62619.15,43.0,3959.61,0
1982,50738.36,45.0,9719.56,0
1983,64466.76,33.0,8537.36,1
1984,64636.4,60.0,2583.1,0
1985,22371.52,39.0,2291.85,0
1986,67994.98,38.0,7289.01,0
1987,49640.0,20.0,5760.85,0
1988,42067.24,24.0,4601.6,0
1989,43662.09,25.0,7269.59,1
1990,34237.57,34.0,2658.09,0
1991,26300.44,45.0,2317.39,0
1992,30803.8,23.0,623.02,0
1993,54421.41,26.0,3273.63,0
1994,24254.7,37.0,2225.28,0
1995,59221.04,48.0,1926.72,0
1996,69516.12,23.0,3503.17,0
1997,44311.44,28.0,5522.78,1
1998,43756.05,63.0,1622.72,0
1999,69436.57,56.0,7378.83,0
